Name,Phone Number,Email Address
Saad Khan,0331-7000000,saad.khan001@example.com
Rayan Qureshi,0303-7000001,rayan.qureshi002@example.com
Ayaan Sheikh,0330-7000002,ayaan.sheikh003@example.com
Areeba Malik,0321-7000003,areeba.malik004@example.com
Iqra Ahmed,0300-7000004,iqra.ahmed005@example.com
Hamza Raza,0303-7000005,hamza.raza006@example.com
Mariam Aslam,0300-7000006,mariam.aslam007@example.com
Alina Raza,0331-7000007,alina.raza008@example.com
Areeba Iqbal,0303-7000008,areeba.iqbal009@example.com
Eman Rehman,0310-7000009,eman.rehman010@example.com
Ali Chaudhry,0331-7000010,ali.chaudhry011@example.com
Iqra Abbasi,0310-7000011,iqra.abbasi012@example.com
Zain Raza,0340-7000012,zain.raza013@example.com
Fatima Sheikh,0301-7000013,fatima.sheikh014@example.com
Mahnoor Sheikh,0311-7000014,mahnoor.sheikh015@example.com
Zainab Aslam,0310-7000015,zainab.aslam016@example.com
Hassan Akhtar,0320-7000016,hassan.akhtar017@example.com
Saad Nawaz,0301-7000017,saad.nawaz018@example.com
Alina Mirza,0341-7000018,alina.mirza019@example.com
Komal Rashid,0321-7000019,komal.rashid020@example.com
Fahad Malik,0300-7000020,fahad.malik021@example.com
Shahzaib Mirza,0301-7000021,shahzaib.mirza022@example.com
Shahzaib Sheikh,0312-7000022,shahzaib.sheikh023@example.com
Rayan Akhtar,0330-7000023,rayan.akhtar024@example.com
Hira Chaudhry,0311-7000024,hira.chaudhry025@example.com
Zainab Raza,0330-7000025,zainab.raza026@example.com
Rayan Malik,0321-7000026,rayan.malik027@example.com
Omar Javed,0331-7000027,omar.javed028@example.com
Ibrahim Chaudhry,0313-7000028,ibrahim.chaudhry029@example.com
Mahnoor Siddiqui,0330-7000029,mahnoor.siddiqui030@example.com
Alina Qureshi,0330-7000030,alina.qureshi031@example.com
Ayesha Ahmed,0303-7000031,ayesha.ahmed032@example.com
Hassan Abbasi,0312-7000032,hassan.abbasi033@example.com
Talha Rehman,0331-7000033,talha.rehman034@example.com
Ayesha Raza,0330-7000034,ayesha.raza035@example.com
Anaya Nawaz,0330-7000035,anaya.nawaz036@example.com
Noor Butt,0310-7000036,noor.butt037@example.com
Ayaan Qureshi,0331-7000037,ayaan.qureshi038@example.com
Alina Javed,0310-7000038,alina.javed039@example.com
Sara Iqbal,0321-7000039,sara.iqbal040@example.com
Maham Rashid,0303-7000040,maham.rashid041@example.com
Ayaan Saleem,0313-7000041,ayaan.saleem042@example.com
Hamza Ahmed,0341-7000042,hamza.ahmed043@example.com
Saad Butt,0330-7000043,saad.butt044@example.com
Omar Iqbal,0321-7000044,omar.iqbal045@example.com
Usman Nawaz,0312-7000045,usman.nawaz046@example.com
Rida Akhtar,0320-7000046,rida.akhtar047@example.com
Taha Javed,0341-7000047,taha.javed048@example.com
Ali Sheikh,0330-7000048,ali.sheikh049@example.com
Areeba Siddiqui,0340-7000049,areeba.siddiqui050@example.com
Sameer Iqbal,0302-7000050,sameer.iqbal051@example.com
Noor Khan,0331-7000051,noor.khan052@example.com
Taha Saleem,0340-7000052,taha.saleem053@example.com
Daniyal Saleem,0301-7000053,daniyal.saleem054@example.com
Arham Saleem,0321-7000054,arham.saleem055@example.com
Fahad Butt,0311-7000055,fahad.butt056@example.com
Mehak Khan,0321-7000056,mehak.khan057@example.com
Ayesha Farooq,0300-7000057,ayesha.farooq058@example.com
Saad Rashid,0341-7000058,saad.rashid059@example.com
Arham Qureshi,0300-7000059,arham.qureshi060@example.com
Ibrahim Rehman,0301-7000060,ibrahim.rehman061@example.com
Hamza Farooq,0341-7000061,hamza.farooq062@example.com
Usman Javed,0340-7000062,usman.javed063@example.com
Ayaan Butt,0330-7000063,ayaan.butt064@example.com
Laiba Javed,0302-7000064,laiba.javed065@example.com
Rida Iqbal,0303-7000065,rida.iqbal066@example.com
Areeba Raza,0331-7000066,areeba.raza067@example.com
Arham Nawaz,0330-7000067,arham.nawaz068@example.com
Hira Akhtar,0320-7000068,hira.akhtar069@example.com
Eman Sheikh,0303-7000069,eman.sheikh070@example.com
Shahzaib Malik,0311-7000070,shahzaib.malik071@example.com
Ahmed Rehman,0320-7000071,ahmed.rehman072@example.com
Shahzaib Rehman,0303-7000072,shahzaib.rehman073@example.com
Ali Malik,0331-7000073,ali.malik074@example.com
Hussain Qureshi,0301-7000074,hussain.qureshi075@example.com
Usman Saleem,0303-7000075,usman.saleem076@example.com
Rayan Farooq,0303-7000076,rayan.farooq077@example.com
Areeba Butt,0331-7000077,areeba.butt078@example.com
Amna Rehman,0313-7000078,amna.rehman079@example.com
Ibrahim Farooq,0340-7000079,ibrahim.farooq080@example.com
Sana Raza,0301-7000080,sana.raza081@example.com
Bilal Iqbal,0311-7000081,bilal.iqbal082@example.com
Iqra Iqbal,0313-7000082,iqra.iqbal083@example.com
Hussain Sheikh,0300-7000083,hussain.sheikh084@example.com
Maham Abbasi,0340-7000084,maham.abbasi085@example.com
Bilal Qureshi,0303-7000085,bilal.qureshi086@example.com
Fahad Javed,0313-7000086,fahad.javed087@example.com
Ayaan Iqbal,0302-7000087,ayaan.iqbal088@example.com
Ibrahim Malik,0313-7000088,ibrahim.malik089@example.com
Alina Sheikh,0300-7000089,alina.sheikh090@example.com
Areeba Khan,0301-7000090,areeba.khan091@example.com
Sana Farooq,0313-7000091,sana.farooq092@example.com
Talha Nawaz,0300-7000092,talha.nawaz093@example.com
Omar Nawaz,0300-7000093,omar.nawaz094@example.com
Noor Mirza,0312-7000094,noor.mirza095@example.com
Alina Farooq,0302-7000095,alina.farooq096@example.com
Fahad Mirza,0303-7000096,fahad.mirza097@example.com
Hussain Rehman,0331-7000097,hussain.rehman098@example.com
Areeba Ahmed,0331-7000098,areeba.ahmed099@example.com
Laiba Saleem,0341-7000099,laiba.saleem100@example.com
Mehak Chaudhry,0300-7000100,mehak.chaudhry101@example.com
Mariam Malik,0341-7000101,mariam.malik102@example.com
Daniyal Malik,0321-7000102,daniyal.malik103@example.com
Usman Qureshi,0312-7000103,usman.qureshi104@example.com
Saad Rehman,0303-7000104,saad.rehman105@example.com
Sara Aslam,0300-7000105,sara.aslam106@example.com
Komal Malik,0312-7000106,komal.malik107@example.com
Sara Rehman,0320-7000107,sara.rehman108@example.com
Ayesha Siddiqui,0303-7000108,ayesha.siddiqui109@example.com
Ayesha Qureshi,0310-7000109,ayesha.qureshi110@example.com
Maham Butt,0330-7000110,maham.butt111@example.com
Arham Akhtar,0311-7000111,arham.akhtar112@example.com
Usman Khan,0313-7000112,usman.khan113@example.com
Komal Rehman,0301-7000113,komal.rehman114@example.com
Talha Saleem,0310-7000114,talha.saleem115@example.com
Ayaan Rashid,0301-7000115,ayaan.rashid116@example.com
Ibrahim Rashid,0310-7000116,ibrahim.rashid117@example.com
Omar Akhtar,0341-7000117,omar.akhtar118@example.com
Areeba Mirza,0321-7000118,areeba.mirza119@example.com
Bilal Butt,0310-7000119,bilal.butt120@example.com
Saad Sheikh,0331-7000120,saad.sheikh121@example.com
Alina Butt,0310-7000121,alina.butt122@example.com
Sameer Aslam,0303-7000122,sameer.aslam123@example.com
Fatima Raza,0330-7000123,fatima.raza124@example.com
Anaya Siddiqui,0341-7000124,anaya.siddiqui125@example.com
Hussain Malik,0330-7000125,hussain.malik126@example.com
Iqra Siddiqui,0300-7000126,iqra.siddiqui127@example.com
Ali Abbasi,0340-7000127,ali.abbasi128@example.com
Ayaan Siddiqui,0302-7000128,ayaan.siddiqui129@example.com
Eman Javed,0331-7000129,eman.javed130@example.com
Iqra Javed,0300-7000130,iqra.javed131@example.com
Saad Malik,0331-7000131,saad.malik132@example.com
Zain Javed,0300-7000132,zain.javed133@example.com
Hira Rehman,0320-7000133,hira.rehman134@example.com
Zain Iqbal,0302-7000134,zain.iqbal135@example.com
Hassan Mirza,0311-7000135,hassan.mirza136@example.com
Hassan Rashid,0303-7000136,hassan.rashid137@example.com
Ibrahim Sheikh,0311-7000137,ibrahim.sheikh138@example.com
Alina Iqbal,0321-7000138,alina.iqbal139@example.com
Zain Qureshi,0341-7000139,zain.qureshi140@example.com
Omar Chaudhry,0312-7000140,omar.chaudhry141@example.com
Ahmed Chaudhry,0331-7000141,ahmed.chaudhry142@example.com
Fatima Iqbal,0340-7000142,fatima.iqbal143@example.com
Ibrahim Siddiqui,0302-7000143,ibrahim.siddiqui144@example.com
Bilal Nawaz,0341-7000144,bilal.nawaz145@example.com
Hassan Farooq,0303-7000145,hassan.farooq146@example.com
Fahad Akhtar,0311-7000146,fahad.akhtar147@example.com
Shahzaib Khan,0330-7000147,shahzaib.khan148@example.com
Fahad Nawaz,0311-7000148,fahad.nawaz149@example.com
Rayan Rashid,0330-7000149,rayan.rashid150@example.com
